<keymap version="1" name="IntelliJ IDEA Classic copy" parent="Mac OS X">
  <action id="ActivateFavoritesToolWindow" />
  <action id="ActivatePythonConsoleToolWindow">
    <keyboard-shortcut first-keystroke="meta 2" />
  </action>
  <action id="ActivateTerminalToolWindow">
    <keyboard-shortcut first-keystroke="alt f12" />
    <keyboard-shortcut first-keystroke="meta 3" />
  </action>
  <action id="Arrangement.Rule.Add">
    <keyboard-shortcut first-keystroke="ctrl n" />
  </action>
  <action id="CollapseExpandableComponent">
    <keyboard-shortcut first-keystroke="meta subtract" />
    <keyboard-shortcut first-keystroke="meta minus" />
  </action>
  <action id="Console.Execute.Multiline" />
  <action id="Console.Jdbc.Execute" />
  <action id="Console.TableResult.EditValueMaximized">
    <keyboard-shortcut first-keystroke="shift alt enter" />
  </action>
  <action id="DatabaseView.PropertiesAction" />
  <action id="DirDiffMenu.SynchronizeDiff.All" />
  <action id="DuplicatesForm.SendToRight" />
  <action id="EditorChooseLookupItemCompleteStatement" />
  <action id="EditorCompleteStatement" />
  <action id="EditorLineEnd">
    <keyboard-shortcut first-keystroke="end" />
  </action>
  <action id="EditorLineStart">
    <keyboard-shortcut first-keystroke="home" />
  </action>
  <action id="EditorSplitLine" />
  <action id="EditorStartNewLine" />
  <action id="ExecuteInPyConsoleAction">
    <keyboard-shortcut first-keystroke="shift enter" />
  </action>
  <action id="ExpandExpandableComponent">
    <keyboard-shortcut first-keystroke="meta add" />
    <keyboard-shortcut first-keystroke="meta equals" />
  </action>
  <action id="FileChooser.GotoProject" />
  <action id="Generate">
    <keyboard-shortcut first-keystroke="ctrl n" />
  </action>
  <action id="JupyterInsertCodeCellToTheEndAction">
    <keyboard-shortcut first-keystroke="meta enter" />
  </action>
  <action id="JupyterInsertMarkdownCellToTheEndAction">
    <keyboard-shortcut first-keystroke="shift meta enter" />
  </action>
  <action id="JupyterRunCellAction">
    <keyboard-shortcut first-keystroke="shift enter" />
  </action>
  <action id="JupyterRunCellSelectBelowAction" />
  <action id="NavBar-selectEnd">
    <keyboard-shortcut first-keystroke="end" />
  </action>
  <action id="NewElement">
    <keyboard-shortcut first-keystroke="ctrl n" />
  </action>
  <action id="NextTab">
    <keyboard-shortcut first-keystroke="ctrl right" />
    <keyboard-shortcut first-keystroke="meta right" />
  </action>
  <action id="OpenElementInNewWindow" />
  <action id="PreviousTab">
    <keyboard-shortcut first-keystroke="ctrl left" />
    <keyboard-shortcut first-keystroke="meta left" />
  </action>
  <action id="PyExecuteCellAction" />
  <action id="Rerun">
    <keyboard-shortcut first-keystroke="ctrl f5" />
    <keyboard-shortcut first-keystroke="shift meta r" />
  </action>
  <action id="SearchEverywhere.NextTab" />
  <action id="SearchEverywhere.PrevTab" />
  <action id="ViewSource" />
  <action id="com.jetbrains.python.console.RunPythonConsoleAction">
    <keyboard-shortcut first-keystroke="meta 2" />
  </action>
</keymap>