<profile version="1.0">
  <option name="myName" value="Default" />
  <inspection_tool class="PyPackageRequirementsInspection" enabled="true" level="WARNING" enabled_by_default="true">
    <option name="ignoredPackages">
      <value>
        <list size="10">
          <item index="0" class="java.lang.String" itemvalue="blackhc.notebook" />
          <item index="1" class="java.lang.String" itemvalue="dataclasses" />
          <item index="2" class="java.lang.String" itemvalue="pytest" />
          <item index="3" class="java.lang.String" itemvalue="pytorch_ignite" />
          <item index="4" class="java.lang.String" itemvalue="blackhc.progress_bar" />
          <item index="5" class="java.lang.String" itemvalue="blackhc.laaos" />
          <item index="6" class="java.lang.String" itemvalue="typing" />
          <item index="7" class="java.lang.String" itemvalue="torch" />
          <item index="8" class="java.lang.String" itemvalue="pytest-benchmark" />
          <item index="9" class="java.lang.String" itemvalue="torchvision" />
        </list>
      </value>
    </option>
  </inspection_tool>
  <inspection_tool class="PyPep8NamingInspection" enabled="true" level="WEAK WARNING" enabled_by_default="true">
    <option name="ignoredErrors">
      <list>
        <option value="N803" />
        <option value="N806" />
      </list>
    </option>
  </inspection_tool>
</profile>